{
  "config": {
    "dataset_name": "vox1_test_segments",
    "dataset_path": "../data/",
    "max_len": 64000,
    "batch_size": 64,
    "embeddings_output_path": "../embeds/",
    "results_output_path": "../results/",
    "dataset_type": "voxceleb2",
    "audio_repeat": false,
    "windowed": true,
    "calculate_only_embeddings": false,
    "model_name": "campplus",
    "fbank_processing": true,
    "device": "cuda:0",
    "threshold": null
  },
  "EER": 0.012218901731697245,
  "EER_threshold": 0.6766766766766766,
  "minDCF": 0.001250315701261934,
  "best_threshold": 0.7528279162980653,
  "metrics": {
    "confusion_matrix": { "tn": 39650660, "fp": 493860, "fn": 17342, "tp": 1411659 },
    "accuracy": 0.9877036635891389,
    "precision": 0.740826514980958,
    "recall": 0.9878642492202595,
    "f1_score": 0.8466939769442079
  }
}
