{
  "config": {
    "dataset_name": "vox1_test_segments",
    "dataset_path": "../data/",
    "max_len": 64000,
    "batch_size": 64,
    "embeddings_output_path": "../embeds/",
    "results_output_path": "../results/",
    "dataset_type": "voxceleb2",
    "audio_repeat": false,
    "windowed": true,
    "calculate_only_embeddings": false,
    "model_name": "ecapa_tdnn",
    "fbank_processing": true,
    "device": "cuda:0",
    "threshold": null
  },
  "EER": 0.013023320053151596,
  "EER_threshold": 0.6756756756756757,
  "minDCF": 0.0013150847050912916,
  "best_threshold": 0.7471221295204964,
  "metrics": {
    "confusion_matrix": { "tn": 39613942, "fp": 530578, "fn": 18334, "tp": 1410667 },
    "accuracy": 0.9867965958428202,
    "precision": 0.7266815883621078,
    "recall": 0.9871700579635704,
    "f1_score": 0.83712998991765
  }
}
