{
  "config": {
    "dataset_name": "vox1_test_segments",
    "dataset_path": "../data/",
    "max_len": 64000,
    "batch_size": 64,
    "embeddings_output_path": "../embeds/",
    "results_output_path": "../results/",
    "dataset_type": "voxceleb2",
    "audio_repeat": false,
    "windowed": true,
    "calculate_only_embeddings": false,
    "model_name": "redimnet",
    "fbank_processing": false,
    "device": "cuda:0",
    "threshold": null
  },
  "EER": 0.009978218624524618,
  "EER_threshold": 0.6756756756756757,
  "minDCF": 0.0007602979471630485,
  "best_threshold": 0.7433822419908311,
  "metrics": {
    "confusion_matrix": { "tn": 39738362, "fp": 406158, "fn": 14060, "tp": 1414941 },
    "accuracy": 0.9898921719909171,
    "precision": 0.7769709389769585,
    "recall": 0.9901609585997491,
    "f1_score": 0.8707061321190117
  }
}
