{
  "config": {
    "dataset_name": "voxceleb2_eval_segments",
    "dataset_path": "../data/",
    "max_len": 64000,
    "batch_size": 32,
    "embeddings_output_path": "../embeds/",
    "results_output_path": "../results/",
    "dataset_type": "voxceleb2",
    "audio_repeat": true,
    "windowed": true,
    "model_name": "ecapa_tdnn",
    "fbank_processing": true,
    "device": "mps",
    "threshold": null
  },
  "EER": 0.015162331771474077,
  "EER_threshold": 0.6556556556556556,
  "minDCF": 0.001296433862510201,
  "best_threshold": 0.7330169286336508,
  "metrics": {
    "confusion_matrix": { "tn": 59264591, "fp": 900486, "fn": 21347, "tp": 1368636 },
    "accuracy": 0.9850242530833371,
    "precision": 0.6031566394402769,
    "recall": 0.9846422582146688,
    "f1_score": 0.7480714546316654
  }
}
