{
  "config": {
    "dataset_name": "voxceleb2_eval_segments",
    "dataset_path": "../data/",
    "max_len": 64000,
    "batch_size": 32,
    "embeddings_output_path": "../embeds/",
    "results_output_path": "../results/",
    "dataset_type": "voxceleb2",
    "audio_repeat": true,
    "windowed": true,
    "model_name": "redimnet",
    "fbank_processing": false,
    "device": "mps",
    "threshold": null
  },
  "EER": 0.0124021090673629,
  "EER_threshold": 0.6506506506506506,
  "minDCF": 0.0008656838727798529,
  "best_threshold": 0.7327695789041224,
  "metrics": {
    "confusion_matrix": { "tn": 59423287, "fp": 741790, "fn": 17340, "tp": 1372643 },
    "accuracy": 0.9876674638933014,
    "precision": 0.649177817410152,
    "recall": 0.9875250272845063,
    "f1_score": 0.7833790280605956
  }
}
