{
  "config": {
    "dataset_name": "voxceleb2_wav_test",
    "dataset_path": "../data/",
    "max_len": 64000,
    "batch_size": 32,
    "embeddings_output_path": "../embeds/",
    "results_output_path": "../results/",
    "dataset_type": "voxceleb2",
    "audio_repeat": true,
    "model_name": "campplus",
    "fbank_processing": true,
    "device": "mps",
    "threshold": 0.6526526526526526
  },
  "EER": 0.02426656198862607,
  "EER_threshold": 0.6526526526526526,
  "minDCF": 0.0016379231700951867,
  "best_threshold": 0.7296682386784941,
  "metrics": {
    "confusion_matrix": { "tn": 2962192, "fp": 41508, "fn": 2095, "tp": 58255 },
    "accuracy": 0.9857694880958209,
    "precision": 0.5839339233984543,
    "recall": 0.9652858326429163,
    "f1_score": 0.7276735805337481
  }
}
