{
  "config": {
    "dataset_path": "../data/voxceleb2_wav_test",
    "model_name": "ecapa2",
    "max_len": 54000,
    "batch_size": 32,
    "fbank_processing": false,
    "embeddings_output_path": "../embeds/voxceleb2_wav_test",
    "results_output_path": "../results/voxceleb2_wav_test",
    "device": "mps",
    "threshold": 0.6326326326326326
  },
  "EER": 0.023106772153063143,
  "EER_threshold": 0.6326326326326326,
  "minDCF": 0.0013779430858803555,
  "best_threshold": 0.7132300557316961,
  "metrics": {
    "confusion_matrix": { "tn": 2957911, "fp": 45789, "fn": 1869, "tp": 58481 },
    "accuracy": 0.9844460762716013,
    "precision": 0.5608612256641412,
    "recall": 0.9690306545153272,
    "f1_score": 0.7104969019560199
  }
}
