{
  "config": {
    "dataset_path": "../data/voxceleb2_wav_test",
    "model_name": "ecapa_tdnn",
    "max_len": 54000,
    "batch_size": 32,
    "fbank_processing": true,
    "embeddings_output_path": "../embeds/voxceleb2_wav_test",
    "results_output_path": "../results/voxceleb2_wav_test",
    "device": "mps",
    "threshold": 0.6416416416416416
  },
  "EER": 0.02688404364801776,
  "EER_threshold": 0.6416416416416416,
  "minDCF": 0.0020615625428996587,
  "best_threshold": 0.7207788784463365,
  "metrics": {
    "confusion_matrix": { "tn": 2945323, "fp": 58377, "fn": 2072, "tp": 58278 },
    "accuracy": 0.9802715360389027,
    "precision": 0.4995756718528996,
    "recall": 0.9656669428334714,
    "f1_score": 0.6584898731674247
  }
}
