{
  "config": {
    "dataset_name": "voxceleb2_wav_test",
    "dataset_path": "../data/",
    "max_len": 64000,
    "batch_size": 32,
    "embeddings_output_path": "../embeds/",
    "results_output_path": "../results/",
    "dataset_type": "voxceleb2",
    "audio_repeat": true,
    "model_name": "ecapa2",
    "fbank_processing": false,
    "device": "mps",
    "threshold": 0.6376376376376376
  },
  "EER": 0.021655154031375665,
  "EER_threshold": 0.6376376376376376,
  "minDCF": 0.00114465026136365,
  "best_threshold": 0.7225572585582256,
  "metrics": {
    "confusion_matrix": { "tn": 2963247, "fp": 40453, "fn": 1801, "tp": 58549 },
    "accuracy": 0.9862097550627438,
    "precision": 0.5913920930890285,
    "recall": 0.9701574150787076,
    "f1_score": 0.7348385963150761
  }
}
