{
  "config": {
    "dataset_name": "voxceleb2_wav_test",
    "dataset_path": "../data/",
    "max_len": 64000,
    "batch_size": 32,
    "embeddings_output_path": "../embeds/",
    "results_output_path": "../results/",
    "dataset_type": "voxceleb2",
    "audio_repeat": true,
    "model_name": "ecapa_tdnn",
    "fbank_processing": true,
    "device": "mps",
    "threshold": 0.6486486486486487
  },
  "EER": 0.024691183276610053,
  "EER_threshold": 0.6486486486486487,
  "minDCF": 0.0017240185599318421,
  "best_threshold": 0.7272698679366507,
  "metrics": {
    "confusion_matrix": { "tn": 2952922, "fp": 50778, "fn": 1960, "tp": 58390 },
    "accuracy": 0.9827881398802238,
    "precision": 0.5348636963212663,
    "recall": 0.9675227837613919,
    "f1_score": 0.6888943946955486
  }
}
