{
  "config": {
    "dataset_name": "voxceleb2_wav_test",
    "dataset_path": "../data/",
    "max_len": 64000,
    "batch_size": 32,
    "embeddings_output_path": "../embeds/",
    "results_output_path": "../results/",
    "dataset_type": "voxceleb2",
    "audio_repeat": true,
    "model_name": "redimnet",
    "fbank_processing": false,
    "device": "mps",
    "threshold": 0.6486486486486487
  },
  "EER": 0.021209344294205058,
  "EER_threshold": 0.6486486486486487,
  "minDCF": 0.0011416991537556596,
  "best_threshold": 0.7299640898231987,
  "metrics": {
    "confusion_matrix": { "tn": 2958559, "fp": 45141, "fn": 1653, "tp": 58697 },
    "accuracy": 0.984728056004308,
    "precision": 0.5652747549066816,
    "recall": 0.9726097763048882,
    "f1_score": 0.7149974419567813
  }
}
