{"config": {"dataset_path": "../data/voxceleb2_wav", "model_name": "ecapa2", "max_len": 54000, "batch_size": 32, "fbank_processing": false, "embeddings_output_path": "../embeds/", "results_output_path": "../results/", "device": "mps"}, "EER": 0.027643632229446703, "EER_threshold": 0.6166166166166166, "minDCF": 0.0013779430858803555, "best_threshold": 0.7132300557316961, "metrics": {"confusion_matrix": {"tn": 2920702, "fp": 82998, "fn": 1669, "tp": 58681}, "accuracy": 0.9723676180218991, "precision": 0.41418276526514164, "recall": 0.9723446561723281, "f1_score": 0.5809166010820229}}