{
  "config": {
    "dataset_path": "../data/voxceleb2_wav",
    "model_name": "redimnet",
    "max_len": 54000,
    "batch_size": 32,
    "fbank_processing": false,
    "embeddings_output_path": "../embeds/",
    "results_output_path": "../results/",
    "device": "mps"
  },
  "EER": 0.026017035355373225,
  "EER_threshold": 0.6316316316316316,
  "minDCF": 0.0013283476614688336,
  "best_threshold": 0.72134946303086,
  "metrics": {
    "confusion_matrix": { "tn": 2924949, "fp": 78751, "fn": 1558, "tp": 58792 },
    "accuracy": 0.9737899185718248,
    "precision": 0.4274445082628705,
    "recall": 0.9741839270919636,
    "f1_score": 0.5941796829599835
  }
}
