{
  "config": {
    "dataset_name": "voxceleb2_wav_eval",
    "dataset_path": "../data/",
    "max_len": 64000,
    "batch_size": 32,
    "embeddings_output_path": "../embeds/",
    "results_output_path": "../results/",
    "dataset_type": "voxceleb2",
    "audio_repeat": true,
    "model_name": "campplus",
    "fbank_processing": true,
    "device": "mps",
    "threshold": null
  },
  "EER": 0.015205060141537819,
  "EER_threshold": 0.6526526526526526,
  "minDCF": 0.0015989455643571416,
  "best_threshold": 0.7337535489965845,
  "metrics": {
    "confusion_matrix": { "tn": 2984778, "fp": 45872, "fn": 927, "tp": 59764 },
    "accuracy": 0.9848612624747642,
    "precision": 0.5657540989814078,
    "recall": 0.9847259066418415,
    "f1_score": 0.7186325731841493
  }
}
