{
  "config": {
    "dataset_path": "../data/voxceleb2_wav_eval",
    "model_name": "ecapa_tdnn",
    "max_len": 54000,
    "batch_size": 32,
    "fbank_processing": true,
    "embeddings_output_path": "../embeds/voxceleb2_wav_eval",
    "results_output_path": "../results/voxceleb2_wav_eval",
    "device": "mps",
    "threshold": null
  },
  "EER": 0.019216400120597818,
  "EER_threshold": 0.6416416416416416,
  "minDCF": 0.0020902182220015196,
  "best_threshold": 0.72123239658497,
  "metrics": {
    "confusion_matrix": { "tn": 2972948, "fp": 57702, "fn": 1177, "tp": 59514 },
    "accuracy": 0.9809535732227534,
    "precision": 0.5077293202293203,
    "recall": 0.9806066797383467,
    "f1_score": 0.669046187052786
  }
}
