{
  "config": {
    "dataset_path": "../data/voxceleb2_wav_eval",
    "model_name": "ecapa2",
    "max_len": 54000,
    "batch_size": 32,
    "fbank_processing": false,
    "embeddings_output_path": "../embeds/voxceleb2_wav_eval",
    "results_output_path": "../results/voxceleb2_wav_eval",
    "device": "mps",
    "threshold": null
  },
  "EER": 0.015592602078394512,
  "EER_threshold": 0.6326326326326326,
  "minDCF": 0.0013437547852007538,
  "best_threshold": 0.7112536252559246,
  "metrics": {
    "confusion_matrix": { "tn": 2983977, "fp": 46673, "fn": 958, "tp": 59733 },
    "accuracy": 0.984592123612374,
    "precision": 0.5613687198090334,
    "recall": 0.9842151225058081,
    "f1_score": 0.7149499991023178
  }
}
