{
  "config": {
    "dataset_name": "voxceleb2_wav_eval",
    "dataset_path": "../data/",
    "max_len": 64000,
    "batch_size": 32,
    "embeddings_output_path": "../embeds/",
    "results_output_path": "../results/",
    "dataset_type": "voxceleb2",
    "audio_repeat": true,
    "model_name": "ecapa2",
    "fbank_processing": false,
    "device": "mps",
    "threshold": null
  },
  "EER": 0.013830640992865153,
  "EER_threshold": 0.6376376376376376,
  "minDCF": 0.0011106654925123662,
  "best_threshold": 0.7189694624226373,
  "metrics": {
    "confusion_matrix": { "tn": 2988265, "fp": 42385, "fn": 830, "tp": 59861 },
    "accuracy": 0.9860206298819832,
    "precision": 0.5854605559141678,
    "recall": 0.9863241666803975,
    "f1_score": 0.7347747902563567
  }
}
