{
  "config": {
    "dataset_path": "../data/voxceleb2_wav_eval",
    "model_name": "redimnet",
    "max_len": 54000,
    "batch_size": 32,
    "fbank_processing": false,
    "embeddings_output_path": "../embeds/voxceleb2_wav_eval",
    "results_output_path": "../results/voxceleb2_wav_eval",
    "device": "mps",
    "threshold": null
  },
  "EER": 0.015125182125141341,
  "EER_threshold": 0.6436436436436437,
  "minDCF": 0.0014160815078262078,
  "best_threshold": 0.722698351642391,
  "metrics": {
    "confusion_matrix": { "tn": 2984613, "fp": 46037, "fn": 914, "tp": 59777 },
    "accuracy": 0.9848120928749045,
    "precision": 0.5649252461867049,
    "recall": 0.9849401064408232,
    "f1_score": 0.7180204798654695
  }
}
