{
  "config": {
    "dataset_name": "voxceleb2_wav_eval",
    "dataset_path": "../data/",
    "max_len": 64000,
    "batch_size": 32,
    "embeddings_output_path": "../embeds/",
    "results_output_path": "../results/",
    "dataset_type": "voxceleb2",
    "audio_repeat": true,
    "model_name": "redimnet",
    "fbank_processing": false,
    "device": "mps",
    "threshold": null
  },
  "EER": 0.01362915069529477,
  "EER_threshold": 0.6486486486486487,
  "minDCF": 0.001186163947789297,
  "best_threshold": 0.7290974659127396,
  "metrics": {
    "confusion_matrix": { "tn": 2988937, "fp": 41713, "fn": 819, "tp": 59872 },
    "accuracy": 0.9862415695971425,
    "precision": 0.5893783531033125,
    "recall": 0.9865054126641511,
    "f1_score": 0.7379033251990436
  }
}
