{
  "config": {
    "dataset_name": "vox1_test_wav",
    "dataset_path": "../data/",
    "max_len": 128000,
    "batch_size": 32,
    "embeddings_output_path": "../embeds/",
    "results_output_path": "../results/",
    "dataset_type": "voxceleb1",
    "audio_repeat": true,
    "model_name": "campplus",
    "fbank_processing": true,
    "device": "mps",
    "threshold": null
  },
  "EER": 0.008490645959785399,
  "EER_threshold": 0.6936936936936937,
  "minDCF": 0.0012010533351766571,
  "best_threshold": 0.7635161790761862,
  "metrics": {
    "confusion_matrix": { "tn": 11398604, "fp": 98617, "fn": 3179, "tp": 375101 },
    "accuracy": 0.9914280669085035,
    "precision": 0.7918234054859642,
    "recall": 0.9915961721476155,
    "f1_score": 0.8805208462930664
  }
}
