{
  "config": {
    "dataset_name": "vox1_test_wav",
    "dataset_path": "../data/",
    "max_len": 0,
    "batch_size": 256,
    "embeddings_output_path": "../embeds/",
    "results_output_path": "../results/",
    "dataset_type": "voxceleb1",
    "audio_repeat": true,
    "windowed": false,
    "model_name": "campplus",
    "fbank_processing": true,
    "device": "cuda:0",
    "threshold": null
  },
  "EER": 0.008141398497026123,
  "EER_threshold": 0.6976976976976977,
  "minDCF": 0.0011005101946060288,
  "best_threshold": 0.7668966016134582,
  "metrics": {
    "confusion_matrix": { "tn": 11402714, "fp": 94507, "fn": 3050, "tp": 375230 },
    "accuracy": 0.9917850202698817,
    "precision": 0.7988086950783098,
    "recall": 0.9919371893835255,
    "f1_score": 0.8849586741775224
  }
}
