{
  "config": {
    "dataset_name": "vox1_test_wav",
    "dataset_path": "../data/",
    "max_len": 54000,
    "batch_size": 32,
    "embeddings_output_path": "../embeds/",
    "results_output_path": "../results/",
    "dataset_type": "voxceleb1",
    "model_name": "campplus",
    "fbank_processing": true,
    "device": "mps",
    "threshold": null
  },
  "EER": 0.013889339299555421,
  "EER_threshold": 0.6676676676676676,
  "minDCF": 0.0019223081710102868,
  "best_threshold": 0.7418452498910424,
  "metrics": {
    "confusion_matrix": { "tn": 11339354, "fp": 157867, "fn": 5314, "tp": 372966 },
    "accuracy": 0.9862590218299001,
    "precision": 0.7026051507724652,
    "recall": 0.9859522047160834,
    "f1_score": 0.8205052617221401
  }
}
