{
  "config": {
    "dataset_name": "vox1_test_wav",
    "dataset_path": "../data/",
    "max_len": 0,
    "batch_size": 256,
    "embeddings_output_path": "../embeds/",
    "results_output_path": "../results/",
    "dataset_type": "voxceleb1",
    "audio_repeat": true,
    "windowed": false,
    "model_name": "ecapa_tdnn",
    "fbank_processing": true,
    "device": "cuda:0",
    "threshold": null
  },
  "EER": 0.0087003401440886,
  "EER_threshold": 0.6966966966966966,
  "minDCF": 0.0011951069330115884,
  "best_threshold": 0.7610671535745874,
  "metrics": {
    "confusion_matrix": { "tn": 11396548, "fp": 100673, "fn": 3270, "tp": 375010 },
    "accuracy": 0.9912472745360386,
    "precision": 0.7883611564844655,
    "recall": 0.9913556096013535,
    "f1_score": 0.8782816117325927
  }
}
