{
  "config": {
    "dataset_name": "vox1_test_wav",
    "dataset_path": "../data/",
    "max_len": 54000,
    "batch_size": 32,
    "embeddings_output_path": "../embeds/",
    "results_output_path": "../results/",
    "dataset_type": "voxceleb1",
    "model_name": "redimnet",
    "fbank_processing": false,
    "device": "mps",
    "threshold": null
  },
  "EER": 0.009801399764417549,
  "EER_threshold": 0.6716716716716716,
  "minDCF": 0.0012009409068789762,
  "best_threshold": 0.7374881183778919,
  "metrics": {
    "confusion_matrix": { "tn": 11382992, "fp": 114229, "fn": 3657, "tp": 374623 },
    "accuracy": 0.9900731767021871,
    "precision": 0.7663321414252167,
    "recall": 0.9903325578936237,
    "f1_score": 0.8640506866313318
  }
}
