{"config": {"dataset_name": "voxceleb2_test_segments", "dataset_path": "../data/", "max_len": 64000, "batch_size": 32, "embeddings_output_path": "../embeds/", "results_output_path": "../results/", "dataset_type": "voxceleb2", "audio_repeat": true, "windowed": true, "model_name": "campplus", "fbank_processing": true, "device": "mps", "threshold": 0.6556556556556556}, "EER": 0.016130923678771204, "EER_threshold": 0.6556556556556556, "minDCF": 0.00123673598269551, "best_threshold": 0.7338127577985013, "metrics": {"confusion_matrix": {"tn": 52179940, "fp": 643579, "fn": 24706, "tp": 1205778}, "accuracy": 0.987636715822878, "precision": 0.6519985054264806, "recall": 0.9799217218590408, "f1_score": 0.783013149055422}}