{"config": {"dataset_name": "voxceleb2_test_segments", "dataset_path": "../data/", "max_len": 64000, "batch_size": 32, "embeddings_output_path": "../embeds/", "results_output_path": "../results/", "dataset_type": "voxceleb2", "audio_repeat": true, "windowed": true, "model_name": "ecapa_tdnn", "fbank_processing": true, "device": "mps", "threshold": 0.6556556556556556}, "EER": 0.016808387059349603, "EER_threshold": 0.6556556556556556, "minDCF": 0.0013050375366694409, "best_threshold": 0.7308187650011346, "metrics": {"confusion_matrix": {"tn": 52139835, "fp": 683684, "fn": 25439, "tp": 1205045}, "accuracy": 0.9868812121093048, "precision": 0.638019006432368, "recall": 0.9793260213054376, "f1_score": 0.7726596420314996}}