{"config": {"dataset_name": "voxceleb2_test_segments", "dataset_path": "../data/", "max_len": 64000, "batch_size": 32, "embeddings_output_path": "../embeds/", "results_output_path": "../results/", "dataset_type": "voxceleb2", "audio_repeat": true, "windowed": true, "model_name": "ecapa2", "fbank_processing": false, "device": "mps", "threshold": 0.6386386386386387}, "EER": 0.015082503062477392, "EER_threshold": 0.6386386386386387, "minDCF": 0.0008108894594759905, "best_threshold": 0.7203994941067051, "metrics": {"confusion_matrix": {"tn": 52155476, "fp": 668043, "fn": 21556, "tp": 1208928}, "accuracy": 0.9872424064504529, "precision": 0.644084538333304, "recall": 0.9824816901316881, "f1_score": 0.7780823857465353}}