{"config": {"dataset_name": "voxceleb2_test_segments", "dataset_path": "../data/", "max_len": 64000, "batch_size": 32, "embeddings_output_path": "../embeds/", "results_output_path": "../results/", "dataset_type": "voxceleb2", "audio_repeat": true, "windowed": true, "model_name": "redimnet", "fbank_processing": false, "device": "mps", "threshold": 0.6506506506506506}, "EER": 0.014109095275411564, "EER_threshold": 0.6506506506506506, "minDCF": 0.0008105630670232841, "best_threshold": 0.7300046169244729, "metrics": {"confusion_matrix": {"tn": 52175804, "fp": 647715, "fn": 19634, "tp": 1210850}, "accuracy": 0.9876540318392331, "precision": 0.6514972572925887, "recall": 0.9840436771221731, "f1_score": 0.7839629607688321}}